{
  "placeholderImages": [
    {
      "id": "progression-map",
      "description": "A stylized map showing different game worlds and levels.",
      "imageUrl": "https://images.unsplash.com/photo-1761716475708-ef98183ccb62?crop=entropy&cs=tinysrgb&fit=max&fm=jpg&ixid=M3w3NDE5ODJ8MHwxfHNlYXJjaHw5fHxnYW1lJTIwbWFwfGVufDB8fHx8MTc2NDQ4MDMwMnww&ixlib=rb-4.1.0&q=80&w=1080",
      "imageHint": "game map"
    },
    {
      "id": "player-avatar",
      "description": "A generic player avatar.",
      "imageUrl": "https://images.unsplash.com/photo-1535713875002-d1d0cf377fde?crop=entropy&cs=tinysrgb&fit=max&fm=jpg&ixid=M3w3NDE5ODJ8MHwxfHNlYXJjaHwxfHxhdmF0YXJ8ZW58MHx8fHwxNzY0NDczODU1fDA&ixlib=rb-4.1.0&q=80&w=1080",
      "imageHint": "avatar"
    }
  ]
}